category,s1_id,m_id,s1_name,m_name,s1_addr,m_addr,name_jw,addr_sort
Category B: Formatting/Missing Address Components,S1-965667,S3-860443364,Maure Williams Colombier Inc,Maure Williams Inc Center,"85 Wayne Avenue, Ticonderoga, NY","",0.906,0.0
Category D: Name Abbreviation/Variant with Matching Address,S1-55344266,S3-384364074,Raj Investments LLP,ராஜ் இன்வெஸ்ட்மெண்ட்ஸ் எல்எல்பி,"6(29), C.I.T. Colony, 2Nd Main Road Mylapore, Chennai, Tamil Nadu","6(29), C.i.t. Colony, 2Nd Main Road Mylapore, Chennai, தமிழ்நாடு",0.390,82.17054263565892
Category B: Formatting/Missing Address Components,S1-18727616,S2-755677256,Lumay Boral,Lumay Boral Inc.,"1056 Belden Avenue, Akron, OH","1056-1060 BELDEN AVE, PO BOX 8807, AKRON, OH",0.938,41.0958904109589
Category B: Formatting/Missing Address Components,S1-29845983,S2-648035184,Hendricks and Flowers Inc,Hendricks and  Flowers Inc,"33 Sleepy Hollow Drive, Danbury, CT","CT, SLEEPY HOLLOW DRIVE, DANBURY",0.960,32.83582089552238
Category B: Formatting/Missing Address Components,S1-7293388,S2-7028416,Chordia & Partners,Chordia & Partners Company,"Faridabad, 1038 Sector 9, Haryana","हरियाणा, 1038 SECTOR 9, FARIDABAD",0.938,33.333333333333336
Category B: Formatting/Missing Address Components,S1-274126313,S3-461175723,"Obsidian, LLC","Obsidian, [[LLC]]","3907 Hamilton Road, Deer Park, WA","",0.953,0.0
Category B: Formatting/Missing Address Components,S1-145361722,S2-939389287,Dick Regional Armada Corp,Dick Regional Armada,"33466 Warwick Hills Road, Yucaipa, CA","33466 WARWICK HILLS ROAD, <NULL>, YUCAIPA, CA",0.960,43.90243902439024
Category D: Name Abbreviation/Variant with Matching Address,S1-463669205,S3-242940401,Beacon Municipals LLC,LLC 8eacon Muniecipafs,"15602 60, Borden, IN","15602 60, Borden, Indiana",0.663,84.44444444444444
Category B: Formatting/Missing Address Components,S1-67172650,S2-555166797,Apar Engineering (India) Private Limited,Apar Engineering (India) Prvabe (Limited),"Bangalore, 32, Karnataka, Bangalore, Lake View Apts116, Gangadharachetty Road Ulsoor","##32, LAKE VIEW APTS116, GANGADHARACHETTY ROAD ULSOOR, BANGALORE, ಕರ್ನಾಟಕ",0.954,28.025477707006374
Category B: Formatting/Missing Address Components,S1-67172650,S3-520282171,Apar Engineering (India) Private Limited,Apar Engineering (lndia) Private Ltd,"Bangalore, 32, Karnataka, Bangalore, Lake View Apts116, Gangadharachetty Road Ulsoor","Bangalore, KA, 32",0.969,31.68316831683168
Category B: Formatting/Missing Address Components,S1-131928575,S2-316703436,Jeanlouis Advantage LLC,Jeanlouis Advantage-LLC,"70 Luna Trail, Southbury, CT","SOUTHBURY, LUNA TRAIL, CT",0.983,37.735849056603776
Category B: Formatting/Missing Address Components,S1-574308285,S2-961415907,Atlantic Coalition,Atlantic  Coalition,"104 Noel Cove Circle, Nashville, TN","00104 NOEL COVE CIRCLE, HERMITAGE, TN",0.989,41.666666666666664
Category B: Formatting/Missing Address Components,S1-518197819,S2-585132276,Primary Care Clinic LLC,Primary Care Clínic,"351 11th Street, Washington, DC","35 11TH ST, WASHINGTON, DC",0.935,49.122807017543856
Category B: Formatting/Missing Address Components,S1-244810289,S2-63598201,Celestial Memorial Trust,Celestial Memorial,"No. 35, Brentwood Apartments, Defence Colony, 2Nd Main, Indiranagar, Bangalore, Karnataka","35 , BRENTWOOD APARTMENTS, DEFENCE COLONY, 2ND MAIN, INDIRANAGAR, BANGALORE, Karnataka",0.950,38.857142857142854
Category B: Formatting/Missing Address Components,S1-145714579,S2-425820120,Schubert Adr LLC,Schubert  LLC Adr,"6445 Moors Place, Dublin, OH","OH, MOORS PL, DUBLIN",0.951,37.5
Category B: Formatting/Missing Address Components,S1-145714579,S2-126729754,Schubert Adr LLC,Schubert Adr,"6445 Moors Place, Dublin, OH","6445- MOORS PLACE, OH, DUBLIN",0.950,49.122807017543856
Category B: Formatting/Missing Address Components,S1-389414274,S2-149253287,Benzer Intelli Group,Benzer Intelli  Company,"Kolanghattil House, Ward13, No 92, Kalloor Post, Chavakkad, Thrissur, Kerala","BLOCK E-15 KOLANGHATTIL HOUSE, WARD13, NO 92, KALLOOR POST, CHAVAKKAD, കേരളം",0.918,31.57894736842105
Category B: Formatting/Missing Address Components,S1-170252930,S2-844572537,Keystone Tri-State Ethereum LLC,Keystone Tri-State Ethereum,"1304 Woodland Street, Springfield, MO","MO, SPRINGFIELD, 1551 WOODLAND ST",0.974,31.428571428571427
Category B: Formatting/Missing Address Components,S1-243930232,S2-337942322,Q+ State LLC,Q+ Státe LLC,"1641 Iliff Avenue, Cincinnati, OH","1641 ILIFF AVE, CINCINNATI, OH",0.967,47.61904761904761
Category B: Formatting/Missing Address Components,S1-652339606,S3-946979261,Libra Service Limited,Libra Service  Limited,"2 Rwm, Ravwala Soubhagya, Ravwala, Bajju, Kolayat, Bikaner, Rajasthan","",0.991,0.0
Category D: Name Abbreviation/Variant with Matching Address,S1-502736054,S3-537652714,First Seven Exports Pvt Ltd,फर्स्ट सेवन एक्सपोर्ट्स प्रा. लि.,"Maharashtra, At Shahagad Tq. Ambad, Jalna","At Shahagad Tq. Ambad, Jalna, MH",0.423,82.1917808219178
Category D: Name Abbreviation/Variant with Matching Address,S1-385608858,S3-393804899,Janashakti (India) Square Private Limited,Mr janashaktiindiasquare.com,"105, Mangalmurti Sapphire, Nr Omkar School, 90 Ft Rd, Kalyan, Thane, Maharashtra","Mangalmurti Sapphire, Nr Omkar School, 90 Ft Rd, 105, Kalyan, MH, Thane",0.595,91.3907284768212
Category B: Formatting/Missing Address Components,S1-945578383,S2-277106942,Eye Physicians of Elmhurst,Eye Physicians of Elmhurst Corporation,"602 Indiana Street, Elmhurst, IL","602 INDIANA SAINT, ELMHURST, IL",0.937,44.44444444444444
Category B: Formatting/Missing Address Components,S1-741937259,S2-767782635,"Lavinia Oehler, DDS","Lavinia Oehler, DDS-Corporation","MA, 452 Whistleberry Drive, Barnstable","452  WHISTLEBERRY DR, BARNSTABLE, MA",0.923,35.61643835616438
Category B: Formatting/Missing Address Components,S1-466277913,S2-650875195,Sterling Eastern Inc,Sterling Eastern,"8526 Kensley Lane, Lakesite, TN","KENSLEY LN, LAKESITE, TN",0.960,36.36363636363637
